NomeEsteso,NomeOperativo,Cidade,Grandes Centros (150k),ProvÃ­ncia,ProvÃ­ncia (por extenso),RegiÃ£o,Ãrea,"ArtÃ­stica, LiterÃ¡ria e EducaÃ§Ã£o","EconÃ´mica, JurÃ­dica e Social","iÃªncias da SaÃºde, AgrÃ¡rias e VeterinÃ¡ria",STEM,Descrizione
Scuola superiore di studi universitari e perfezionamento "S. Anna" di Pisa,Pisa S.Anna,Pisa,FALSE,PI,Pisa,Toscana,Centro,FALSE,TRUE,TRUE,TRUE,"A **Scuola Superiore di Studi Universitari e di Perfezionamento Santâ€™Anna** Ã© uma **instituiÃ§Ã£o pÃºblica de elite** em **Pisa** voltada Ã  **inovaÃ§Ã£o** e **alta formation**. Como escola de ordem especial, oferece **residÃªncia e educaÃ§Ã£o gratuita** a **talentos selecionados por mÃ©rito**, integrando **pesquisa avanÃ§ada** e mercado profissional. Curiosidade: Os estudantes sÃ£o chamados de ""**Allievi**"" e vivem em um sistema de internato onde as **antigas celas do mosteiro de Sant'Anna** foram convertidas em quartos, mantendo viva a tradiÃ§Ã£o de uma **comunidade acadÃªmica** que convive integralmente no local de estudo. ğŸ¦¾ğŸ§¬ğŸŒ±"
UniversitÃ  degli studi di Bari,Bari,Bari,TRUE,BA,Bari,Puglia,Sul e Ilhas,TRUE,TRUE,TRUE,TRUE,"Com **centenas de opÃ§Ãµes de cursos**, a UniBa oferece uma **formaÃ§Ã£o completa** no **centro de Bari**. Curiosidade: a universidade leva o nome de **Aldo Moro**, um dos **polÃ­ticos mais importantes** da histÃ³ria da ItÃ¡lia, que foi aluno e professor da casa durante dÃ©cadas. Estude onde a **histÃ³ria vive**! ğŸ›ï¸ğŸŒŠ"
Politecnico di Bari,Bari Politecnico,Bari,TRUE,BA,Bari,Puglia,Sul e Ilhas,TRUE,FALSE,FALSE,TRUE,"O PoliBa Ã© o **destino certo** para quem busca **inovaÃ§Ã£o** e uma lista enorme de **trajetÃ³rias tÃ©cnicas e criativas**. Curiosidade: fundado em 1990, ele Ã© o **PolitÃ©cnico mais jovem da ItÃ¡lia** e o **Ãºnico de todo o sul** do paÃ­s. **Modernidade absoluta** con a brisa do MediterrÃ¢neo! ğŸ—ï¸âœ¨"
UniversitÃ  degli studi della Basilicata,Basilicata,Potenza,FALSE,PZ,Potenza,Basilicata,Sul e Ilhas,TRUE,TRUE,TRUE,TRUE,"Na Unibas, vocÃª vive a **essenza da ItÃ¡lia** entre as **montanhas de Potenza** e os **milenares Sassi de Matera**. Curiosidade: a universidade Ã© o maior **sÃ­mbolo de renascimento** da regiÃ£o apÃ³s o terremoto de 1980. Por isso, sua histÃ³ria Ã© ligada Ã  **superaÃ§Ã£o**, transformando um momento difÃ­cil em um futuro de **educaÃ§Ã£o e cultura**. ğŸ›ï¸âœ¨"
UniversitÃ  degli studi Mediterranea di Reggio Calabria,Reggio Calabria,Reggio Calabria,TRUE,RC,Reggio Calabria,Calabria,Sul e Ilhas,TRUE,TRUE,TRUE,TRUE,"Localizada no **extremo sul da penÃ­nsula**, a instituiÃ§Ã£o foca na integraÃ§Ã£o entre **inovaÃ§Ã£o tecnolÃ³gica** e **preservazione do MediterrÃ¢neo**. O ateneu destaca-se pela sua **posiÃ§Ã£o estratÃ©gica** e pela forte **vocaÃ§Ã£o internacional** voltada ao desenvolvimento sustentÃ¡vel da regiÃ£o. Curiosidade: Do campus, Ã© possÃ­vel observar o raro fenÃ´meno Ã³ptico da ""**Fata Morgana**"", uma **miragem lendÃ¡ria** que faz com que a costa siciliana pareÃ§a flutuar ou se multiplicar sobre o **Estreito de Messina**. ğŸŒŠâ˜€ï¸ğŸ›ï¸"
UniversitÃ  degli studi di Bergamo,Bergamo,Bergamo,FALSE,BG,Bergamo,Lombardia,Norte,TRUE,TRUE,TRUE,TRUE,"Com um **catÃ¡logo vasto** e resultados reais, a UniBg Ã© focada no seu futuro: quase **92% dos graduados jÃ¡ estÃ£o trabalhando** 3 anos apÃ³s o diploma! (Dados AlmaLaurea 2025) Curiosidade: vocÃª terÃ¡ aulas dentro de **palÃ¡cios medievais** na ""**CittÃ  Alta**"", um **patrimÃ´nio da UNESCO**. Ã‰ o equilÃ­brio perfeito entre o **charme da histÃ³ria** e a garantia de uma **carreira brilhante**. ğŸ’¼ğŸ‡®ğŸ‡¹"
UniversitÃ  degli studi di Bologna,Bologna,Bologna,TRUE,BO,Bologna,Emilia Romagna,Norte,TRUE,TRUE,TRUE,TRUE,"Conhecida como **Alma Mater Studiorum**, a mÃ£e nutriz dos estudos, ela Ã© a **universidade mais antiga do mundo ocidental** (1088), e o lugar onde sua formaÃ§Ã£o ganha alma. AlÃ©m de todo o prestÃ­gio, os resultados sÃ£o sÃ³lidos: **90,8% dos seus mestres jÃ¡ estÃ£o empregados** 5 anos apÃ³s o diploma (Dados AlmaLaurea 2025). Curiosidade: Reza a lenda que nenhum estudante deve subir a **Torre degli Asinelli** antes de se formar, ou o diploma nunca virÃ¡. Melhor nÃ£o arriscar e focar nos estudos (e na **culinÃ¡ria impecÃ¡vel** da cidade)! ğŸğŸ“"
UniversitÃ  degli Studi del Sannio,Sannio,Benevento,FALSE,BN,Benevento,Campania,Sul e Ilhas,FALSE,TRUE,FALSE,TRUE,"Espalhando seus prÃ©dios pelo **centro histÃ³rico de Benevento**, a UniversitÃ  degli Studi do Sannio faz da cidade o seu **prÃ³prio campus**. A instituiÃ§Ã£o se destaca por **recuperar palÃ¡cios antigos** e transformÃ¡-los em espaÃ§os modernos para os alunos, trazendo **vida e movimento** para as praÃ§as histÃ³ricas da regiÃ£o. Curiosidade: A universidade fica na famosa ""**Cidade das Bruxas**"". Segundo as lendas locais, as bruxas (chamadas de **Janare**) se reuniam sob uma **nogueira mÃ¡gica** nas redondezas para realizar seus rituais. Por isso, Ã© comum encontrar referÃªncias a esse folclore em eventos e sÃ­mbolos da cidade que acolhe o ateneu. ğŸ›ï¸ğŸ§¹âœ¨"
UniversitÃ  degli studi di Sassari,Sassari,Sassari,FALSE,SS,Sassari,Sardegna,Sul e Ilhas,TRUE,TRUE,TRUE,TRUE,"No **norte da Sardenha**, a UniversitÃ  degli studi di Sassari atua como uma das vozes mais antigas e respeitadas da ilha. Com raÃ­zes que vÃªm desde o **sÃ©culo XVI**, a instituiÃ§Ã£o ocupa **diversos prÃ©dios histÃ³ricos** que dÃ£o um charme especial ao centro da cidade, unindo o cotidiano dos moradores ao **movimento dos estudantes**. Curiosidade: O ateneu Ã© famoso por manter viva a ""**Goliardia**"", uma tradiÃ§Ã£o de grupos estudantis que usam **capas, chapÃ©us coloridos** e seguem rituais cheios de humor e **sÃ¡tira**. Por isso, as ruas de Sassari costumam virar palco de desfiles e celebraÃ§Ãµes animadas, onde os alunos brincam com a hierarquia acadÃªmica e celebram a vida universitÃ¡ria de um jeito Ãºnico. ğŸ›ï¸ğŸ“ğŸ­"
Centro Alti Studi per la Difesa (CASD) di Roma,Roma - CASD,Roma,TRUE,RM,Roma,Lazio,Centro,FALSE,TRUE,FALSE,TRUE,"O Centro Alti Studi per la Difesa (CASD) Ã© a **mÃ¡xima instituiÃ§Ã£o de formaÃ§Ã£o e pesquisa** voltada Ã  **seguranÃ§a e defesa** na ItÃ¡lia. Localizado em Roma, o centro opera como uma **escola superior de ordem especial**, integrando a excelÃªncia estratÃ©gica militar ao mundo acadÃªmico para formar a **alta lideranÃ§a civil e militar** do paÃ­s. Curiosidade: Sediado no histÃ³rico **Palazzo Salviati**, o CASD tornou-se recentemente a **primeira universidade militar italiana** a emitir tÃ­tulos de **doutorado e mestrado reconhecidos civilmente**, marcando uma integraÃ§Ã£o histÃ³rica entre a cultura de defesa e a pesquisa universitÃ¡ria de alto nÃ­vel. ğŸ–ï¸ğŸ‡®ğŸ‡¹ğŸ›ï¸"
UniversitÃ  degli studi di Brescia,Brescia,Brescia,TRUE,BS,Brescia,Lombardia,Norte,FALSE,TRUE,TRUE,TRUE,"No **coraÃ§Ã£o della Lombardia**, a UniBS oferece um catÃ¡logo vasto de cursos em uma das **regiÃµes mais produtivas** da Europa. Ã‰ o equilÃ­brio perfeito para quem quer uma **formaÃ§Ã£o sÃ³lida** e uma **vida ativa**. Curiosidade: Brescia Ã© apelidata de ""**Leoa da ItÃ¡lia**"" por sua **resistÃªncia histÃ³rica**, e vocÃª sentirÃ¡ essa energia vibrante enquanto estuda a poucos minutos do **Lago de Garda** e dos Alpes. O equilÃ­brio perfeito entre **foco e aventura**! ğŸ”ï¸âœ¨"
UniversitÃ  Ca' Foscari Venezia,Ca' Foscari Venezia,Venezia,TRUE,VE,Venezia,Veneto,Norte,TRUE,TRUE,TRUE,TRUE,"Estudar na Ca' Foscari Ã© viver em um **museu a cÃ©u aberto**, onde os **canais sÃ£o suas ruas** e o **PalÃ¡cio Foscari** Ã© sua casa. Curiosidade: a universidade realiza suas **cerimÃ´nias de graduaÃ§Ã£o** em plena **PraÃ§a SÃ£o Marcos**! Imagine receber seu diploma em um dos lugares mais icÃ´nicos do planeta, cercado pela histÃ³ria e pela **magia de Veneza**. Um sonho que sÃ³ essa universitÃ  pode realizar. ğŸ›¶âœ¨"
UniversitÃ  degli studi di Cagliari,Cagliari,Cagliari,FALSE,CA,Cagliari,Sardegna,Sul e Ilhas,TRUE,TRUE,TRUE,TRUE,"Estudar na UniCa Ã© viver o **sonho da Sardenha** em uma universidade con **mais de 400 anos de histÃ³ria**. Curiosidade: Cagliari Ã© uma das poucas cidades da Europa onde **flamingos cor-de-rosa** vivem livremente! VocÃª pode sair da aula e, em poucos minutos, estar na famosa **praia do Poetto** ou observando a **natureza selvagem** nos parques da cidade. O match perfeito entre **foco e bem-estar**! ğŸ¦©ğŸŒŠ"
UniversitÃ  della Calabria,Calabria,Arcavacata (frazione di Rende),FALSE,CS,Cosenza,Calabria,Sul e Ilhas,TRUE,TRUE,TRUE,TRUE,"Estudar na UniCal Ã© mergulhar no **maior campus residencial da ItÃ¡lia**! Inspirado no **modelo americano**, aqui vocÃª vive a experiÃªncia universitÃ¡ria 24h por dia em uma verdadeira **""cidade"" vibrante**. Curiosidade: a universidade Ã© famosa por sua icÃ´nica ""**Ponte**"", uma **estrutura de mais de 1,3 km** de extensÃ£o que conecta todos os departamentos. Caminhar por ela Ã© sentir a **inovazione integrada Ã  natureza** exuberante da CalÃ¡bria! ğŸ—ï¸ğŸƒ"
UniversitÃ  degli studi di Camerino,Camerino,Camerino,FALSE,MC,Macerata,Marche,Centro,TRUE,TRUE,TRUE,TRUE,"Na UniCam, vocÃª nÃ£o Ã© apenas um nÃºmero, mas parte de uma **histÃ³ria que comeÃ§ou em 1336**. Curiosidade: Ã‰ uma das poucas ""**cidades universitÃ¡rias**"" puras da ItÃ¡lia, onde o **nÃºmero de estudantes supera o de habitantes** locais! Viver aqui Ã© mergulhar em uma atmosfera Ãºnica de seguranÃ§a, amizade e foco total, em um **cenÃ¡rio medieval** digno de cinema. ğŸ“ğŸ‡®ğŸ‡¹"
UniversitÃ  degli studi di Siena,Siena,Siena,FALSE,SI,Siena,Toscana,Centro,TRUE,TRUE,TRUE,TRUE,"Com uma trajetÃ³ria iniciada em 1240, a UniversitÃ  degli Studi di Siena figura entre as **instituiÃ§Ãµes de ensino mais longevas** e prestigiadas do planeta. Seus **edifÃ­cios e palÃ¡cios medievais** estÃ£o integrados ao tecido urbano, convertendo o centro histÃ³rico em um espaÃ§o de **aprendizado contÃ­nuo** que atravessa geraÃ§Ãµes. Curiosidade: A importÃ¢ncia da universidade Ã© tamanha que ela participa ativamente do **Palio**, a lendÃ¡ria **corrida de cavalos** da cidade. No Corteo Storico, o desfile oficial que precede a corrida, destaca-se o **porta-bandeira** (vessillifero) do antigo **Studium senense**, que carrega o estandarte da Domus Misericordiae. Essa participaÃ§Ã£o secular demonstra como a universidade permanece vital e prestigiada, sendo reconhecida como uma delle instituiÃ§Ãµes mais antigas a desfilar e parte indissociÃ¡vel da **alma de Siena**. ğŸ›ï¸ğŸ‡ğŸ“œ"
UniversitÃ  per stranieri di Siena,Siena Stranieri,Siena,FALSE,SI,Siena,Toscana,Centro,TRUE,TRUE,FALSE,FALSE,"Oficializada como universidade estatal em 1992, a UniversitÃ  per Stranieri di Siena tem suas raÃ­zes na **Escola de LÃ­ngua Italiana para Estrangeiros**, fundada em 1917. Esse **legado centenÃ¡rio** faz da instituiÃ§Ã£o um centro vibrante na Toscana, especializado em **conectar culturas** por meio do ensino e da pesquisa. Curiosidade: A **internacionalizaÃ§Ã£o** da universidade apresenta um crescimento constante: no ano acadÃªmico de 2023/2024, os estudantes estrangeiros atingiram 12,9% do total de inscritos e expressivos **20% dos novos matriculados**. AlÃ©m da excelÃªncia em italiano, o ateneu oferece o ensino de 14 lÃ­nguas estrangeiras. Entre as novidades recentes estÃ£o o **PortuguÃªs de Portugal** (com a certificaÃ§Ã£o oficial CAPLE) , alÃ©m de cursos de Swahili, Turco e Ucraniano. Assim, o campus consolida-se como um **laboratÃ³rio linguÃ­stico** onde a histÃ³ria encontra uma **visÃ£o de futuro multicultural**.ğŸ›ï¸âœ¨"
UniversitÃ  degli studi di Catania,Catania,Catania,TRUE,CT,Catania,Sicilia,Sul e Ilhas,TRUE,TRUE,TRUE,TRUE,"Fundada em 1434, a Unict Ã© a **universidade mais antiga da SicÃ­lia** e oferece uma imersÃ£o total no **lifestyle mediterrÃ¢neo**, entre o **vulcÃ£o Etna** e o mar azul. Viver em Catania Ã© respirar histÃ³ria barroca enquanto aproveita uma delle **vidas noturnas mais agitadas** da ItÃ¡lia. Curiosidade: grande parte da universidade funciona dentro do **Mosteiro dos Beneditinos**, um dos **maiores e mais belos da Europa**, onde os alunos circulam por claustros e **jardins suspensos** entre uma aula e outra. ğŸŒ‹ğŸ›ï¸"
UniversitÃ  degli studi di Catanzaro - Magna Grecia,Catanzaro,Catanzaro,FALSE,CZ,Catanzaro,Calabria,Sul e Ilhas,TRUE,TRUE,TRUE,TRUE,"Localizada em um dos **campi mais modernos e verdes** da ItÃ¡lia, a UMG oferece uma experiÃªncia integrada Ã  **natureza da CalÃ¡bria** e Ã  brisa do Mar JÃ´nico. Curiosidade: o nome da universidade Ã© uma homenagem direta Ã  ""**Magna GrÃ©cia**"", o conjunto de colÃ´nias fundadas pelos antigos gregos no sul da ItÃ¡lia hÃ¡ quase 3 mil anos. Viver aqui Ã© respirar as **raÃ­zes da civilizzazione ocidental** em **instalaÃ§Ãµes tecnolÃ³gicas** do sÃ©culo XXI. ğŸ›ï¸ğŸŒ¿"
UniversitÃ  degli studi Gabriele D'Annunzio di Chieti e Pescara,Chieti e Pescara,Chieti & Pescara,FALSE,CH & PE,Chieti & Pescara,Abruzzo,Sul e Ilhas,TRUE,TRUE,TRUE,TRUE,"Dividida entre a **tradiÃ§Ã£o de Chieti** e a **energia urbana de Pescara**, a Ud'A oferece o cenÃ¡rio perfeito para quem quer viver entre o **Mar AdriÃ¡tico** e os **picos dos Apeninos**. Curiosidade: a universidade homenageia **Gabriele dâ€™Annunzio**, um grande poeta e o ""Vate"" da literatura italiana, frequentemente chamado de ""o **primeiro influencer da histÃ³ria**"". Com um talento nato para a comunicaÃ§Ã£o e um estilo de vida excÃªntrico, ele ditava tendÃªncias de moda, arte e comportamento, transformando cada palavra e aÃ§Ã£o em um **impacto mediÃ¡tico** planejado para fascinar e influenciar geraÃ§Ãµes inteiras. ğŸŒŠâ›°ï¸"
UniversitÃ  degli studi di Roma "Foro Italico",Roma Foro Italico,Roma,TRUE,RM,Roma,Lazio,Centro,FALSE,FALSE,TRUE,FALSE,"ReferÃªncia absoluta no **estudo do corpo e do esporte**, a UniversitÃ  degli studi di Roma ""Foro Italico"" destaca-se como a Ãºnica instituiÃ§Ã£o monodisciplinar da ItÃ¡lia voltada Ã s **ciÃªncias do movimento humano**. Sediada em um **icÃ´nico complexo monumental** da capital, a universidade integra a formaÃ§Ã£o acadÃªmica de alto nÃ­vel Ã  pesquisa de vanguarda sobre **performance e bem-estar**. Curiosidade: O campus Ã© parte do **Stadio dei Marmi**, cercado por **60 estÃ¡tuas colossais de mÃ¡rmore** de Carrara, onde cada uma representa uma modalidade esportiva diferente, criando um ambiente de estudo que funde **arte clÃ¡ssica** e **prÃ¡tica atlÃ©tica diÃ¡ria**. ğŸ‘ŸğŸ‡®ğŸ‡¹ğŸ›ï¸"
UniversitÃ  degli studi di Ferrara,Ferrara,Ferrara,FALSE,FE,Ferrara,Emilia Romagna,Norte,TRUE,TRUE,TRUE,TRUE,"No coraÃ§Ã£o della EmÃ­lia-Romanha, a UniFe pulsa dentro de uma **cidade renascentista** protegida pela UNESCO, onde o **carro Ã© substituÃ­do pela bicicleta**. Curiosidade: foi nesta universidade que **Nicolau CopÃ©rnico**, o homem que provou que a **Terra gira em torno do Sol**, obteve seu diploma em 1503. Caminhar por Ferrara Ã© percorrer os mesmos pÃ¡tios que moldaram a **visÃ£o moderna do universo**, em um ambiente tranquilo e academicamente prestigioso. ğŸš²â˜€ï¸"
UniversitÃ  degli studi di Firenze,Firenze,Firenze,TRUE,FI,Firenze,Toscana,Centro,TRUE,TRUE,TRUE,TRUE,"Situada no **epicentro da cultura mundial**, a UniFi permite que vocÃª viva a **histÃ³ria em tempo real**, circulando entre os mesmos palÃ¡cios e praÃ§as que moldaram a era moderna. Curiosidade: o ""**Giardino dei Semplici**"" da universidade, fundato pela poderosa famÃ­lia MÃ©dici em 1545, Ã© um dos **jardins botÃ¢nicos mais antigos do mundo**. Caminhar para a aula em FlorenÃ§a significa atravessar um **museu a cÃ©u aberto**, onde a genialidade de Michelangelo e Da Vinci faz parte do seu cotidiano. ğŸ¨ğŸ“š"
UniversitÃ  degli Studi di Cassino e del Lazio Meridionale,Cassino,Cassino,FALSE,FR,Frosinone,Lazio,Centro,TRUE,TRUE,TRUE,TRUE,"Posicionada exatamente entre a **grandeza de Roma** e a **energia de NÃ¡poles**, a Unicas oferece o equilÃ­brio ideal para quem busca **mobilidade e foco**. Curiosidade: o campus fica aos pÃ©s da histÃ³rica **Abadia de Montecassino**, o **berÃ§o da cultura europeia** onde monges preservaram os manuscritos mais importantes da humanidade durante a Idade MÃ©dia. ğŸ›ï¸ğŸš„"
UniversitÃ  degli studi di Roma La Sapienza,Roma La Sapienza,Roma,TRUE,RM,Roma,Lazio,Centro,TRUE,TRUE,TRUE,TRUE,"A UniversitÃ  degli studi di Roma ""La Sapienza"" Ã© a **maior universidade da Europa** e uma das mais antigas do mundo, fundada em 1303. No ano letivo de 2024/25, a instituiÃ§Ã£o conta com cerca de 112.000 alunos, consolidando-se como o principal motor de **pesquisa cientÃ­fica** e **produÃ§Ã£o cultural** da ItÃ¡lia. Curiosidade: No pÃ¡tio principal da Cidade UniversitÃ¡ria fica a famosa **estÃ¡tua de Minerva**; segundo uma forte superstiÃ§Ã£o local, os estudantes que **olham a deusa diretamente nos olhos** antes de um exame correm o risco de nunca se formar, o que faz com que muitos desviem o olhar atÃ© o dia da colazione de grau. ğŸ›ï¸ğŸ“ğŸ‡®ğŸ‡¹"
UniversitÃ  degli studi di Teramo,Teramo,Teramo,FALSE,TE,Teramo,Abruzzo,Sul e Ilhas,TRUE,TRUE,TRUE,TRUE,"Situada em uma posiÃ§Ã£o estratÃ©gica na regiÃ£o de Abruzzo, a UniversitÃ  degli studi di Teramo consolida-se como um **centro moderno de ensino e pesquisa**. A instituiÃ§Ã£o equilibra a **serenidade de uma cidade histÃ³rica** com **instalaÃ§Ãµes tecnolÃ³gicas** de ponta, criando um ambiente ideal para quem busca foco e qualidade de vida. Curiosidade: O campus principal fica no topo da colina Coste Sant'Agostino e oferece uma vista privilegiada para o **Gran Sasso**, o **pico mais alto dos Apeninos**. Dessa forma, Ã© comum que os alunos aproveitem os intervalos entre as aulas para observar a montanha nevada ou o pÃ´r do sol, usando a paisagem como um **refÃºgio natural** para relaxar durante a rotina de estudos. ğŸ›ï¸ğŸ”ï¸âœ¨"
UniversitÃ  degli studi di Foggia,Foggia,Foggia,FALSE,FG,Foggia,Puglia,Sul e Ilhas,TRUE,TRUE,TRUE,TRUE,"Localizada na **ensolarada Puglia**, a UniFG Ã© uma instituiÃ§Ã£o dinÃ¢mica que respira a histÃ³ria do **Tavoliere**, uma das **planÃ­cies mais vastas e icÃ´nicas** do sul da ItÃ¡lia. Curiosidade: a cidade foi a morada favorita do **Imperador Frederico II**, conhecido como ""**Stupor Mundi**"", que escolheu Foggia como sua sede imperial e local de lazer predileto. ğŸŒ¾ğŸ›ï¸"
UniversitÃ  degli studi di Genova,Genova,Genova,TRUE,GE,Genova,Liguria,Norte,TRUE,TRUE,TRUE,TRUE,"Com sede em uma delle **cidades portuÃ¡rias** mais icÃ´nicas do mundo, a UniGe ocupa **palÃ¡cios nobres** no coraÃ§Ã£o de um centro histÃ³rico medieval vibrante. A cidade se desenvolve verticalmente, oferecendo **vistas panorÃ¢micas** onde as montanhas mergulham diretamente no Mar MediterrÃ¢neo. Curiosidade: muitos departamentos funcionam dentro dos ""**Palazzi dei Rolli**"", edifÃ­cios aristocrÃ¡ticos protegidos pela UNESCO que antigamente eram usados para **hospedar reis e embaixadores** que visitavam a RepÃºblica de GÃªnova. ğŸš¢ğŸ°"
UniversitÃ  degli studi dell'Insubria,Insubria,Varese,FALSE,VA,Varese,Lombardia,Norte,TRUE,TRUE,TRUE,TRUE,"Situada entre **Varese**, a ""Cidade Jardim"", e a elegÃ¢ncia de **Como**, a UniInsubria oferece um cenÃ¡rio Ãºnico aos **pÃ©s dos Alpes** e prÃ³xima Ã  fronteira com a SuÃ­Ã§a. Ã‰ o lugar onde a natureza exuberante encontra a **tranquilidade necessÃ¡ria** para o foco acadÃªmico. Curiosidade: o nome da universidade homenageia os **Ãnsubres**, o antigo **povo celta** que habitava essa regiÃ£o no sÃ©culo IV a.C., muito antes do ImpÃ©rio Romano, dando um toque de mistÃ©rio e ancestralidade ao territÃ³rio do campus. ğŸ”ï¸ğŸƒ"
UniversitÃ  degli studi di L'Aquila,L'Aquila,L'Aquila,FALSE,AQ,L'Aquila,Abruzzo,Sul e Ilhas,TRUE,TRUE,TRUE,TRUE,"Localizada no **ponto mais alto** entre as capitais provinciais da ItÃ¡lia, a UnivAQ estÃ¡ cercada pela imensidÃ£o do **Parque Nacional Gran Sasso**. A cidade Ã© um sÃ­mbolo de **resiliÃªncia e vitalidade**, onde a vida universitÃ¡ria pulsa em um centro histÃ³rico que mescla arquitetura medieval e barroca con uma **atmosfera jovem e dinÃ¢mica**. Curiosidade: a fundazione da cidade Ã© envolta na lenda do **nÃºmero 99**. Diz-se que L'Aquila nasceu da uniÃ£o de 99 castelos locais, e por isso o centro possui simbolicamente 99 praÃ§as, 99 igrejas e a famosa ""**Fonte das 99 Bicas**"", que ainda hoje Ã© um dos monumentos mais visitados da regiÃ£o. ğŸ”ï¸â›²"
Gran Sasso Science Institute - Scuola di dottorato internazionale dell'Aquila,L'Aquila GSSI,L'Aquila,FALSE,AQ,L'Aquila,Abruzzo,Sul e Ilhas,FALSE,TRUE,FALSE,TRUE,"Uma **comunidade internacional de elite** situada aos pÃ©s das montanhas mais altas da ItÃ¡lia Central. O GSSI Ã© um **polo de inovaÃ§Ã£o** que atrai talentos de todos os continentes para o coraÃ§Ã£o vibrante de Lâ€™Aquila, unindo o **isolamento ideal para a reflexÃ£o** com uma rede global de conexÃµes acadÃªmicas de alto nÃ­vel. Curiosidade: o instituto opera em estreita colaborazione com os **LaboratÃ³rios Nacionais do Gran Sasso**, a maior infraestrutura de **pesquisa subterrÃ¢nea** do planeta, localizada nas profundezas da montanha para garantir um ""**silÃªncio cÃ³smico**"" absoluto. ğŸŒŒğŸ”ï¸"
UniversitÃ  degli studi di Torino,Torino,Torino,TRUE,TO,Torino,Piemonte,Norte,TRUE,TRUE,TRUE,TRUE,"Espalhando-se por toda a capital piemontesa, a UniversitÃ  degli studi di Torino atua como um dos **pilares intelectuais** da ItÃ¡lia. A instituiÃ§Ã£o ocupa diversos bairros com seus prÃ©dios, garantindo que a **vida acadÃªmica e o cotidiano** da cidade caminhem sempre juntos. Curiosidade: O **Campus Luigi Einaudi** Ã© um dos seus locais mais marcantes, famoso pelo **teto branco e ondulado** que parece flutuar sobre as construÃ§Ãµes. O projeto foi assinado por um arquiteto renomado e jÃ¡ foi eleito um dos mais bonitos do mundo. Assim, o espaÃ§o atrai nÃ£o apenas quem vai estudar, mas tambÃ©m visitantes que desejam admirar a arquitetura moderna de frente para o rio PÃ³. ğŸ›ï¸â˜ï¸ğŸŒŠ"
Scuola IMT Alti Studi di Lucca,Lucca IMT,Lucca,FALSE,LU,Lucca,Toscana,Centro,TRUE,TRUE,FALSE,TRUE,"Localizada no interior de uma **joia da Toscana**, a IMT ocupa o histÃ³rico **Complesso di San Francesco**, proporcionando uma experiÃªncia imersiva no coraÃ§Ã£o de Lucca. A cidade Ã© famosa mundialmente por preservar suas **muralhas renascentistas** intactas, criando uma atmosfera de tranquilidade e exclusividade. Curiosidade: Lucca Ã© conhecida como a ""**cidade das 100 igrejas**"" e suas muralhas, que cercam completamente o centro, nunca foram usadas para fins militares; em vez disso, tornaram-se um dos **parques pÃºblicos lineares** mais bonitos e frequentados da Europa. ğŸ°ğŸŒ³"
UniversitÃ  degli studi di Macerata,Macerata,Macerata,FALSE,MC,Macerata,Marche,Centro,TRUE,TRUE,TRUE,TRUE,"Situada em uma delle **cidades mais antigas da ItÃ¡lia**, a UniMC pulsa dentro de um **borgo medieval** no topo de uma colina na regiÃ£o delle Marche. O centro histÃ³rico funciona como um **campus a cÃ©u aberto**, onde as ruas de paralelepÃ­pedos e os palÃ¡cios renascentistas criam um ambiente Ã­ntimo e vibrante. Curiosidade: a universidade foi fundada em 1290, o que a torna uma delle instituiÃ§Ãµes mais antigas do mundo. AlÃ©m disso, a cidade abriga o **Sferisterio**, uma arena neoclÃ¡ssica monumental famosa mundialmente por sua **acÃºstica perfeita** e por suas noites de Ã³pera sob as estrelas. ğŸ°ğŸ¶"
UniversitÃ  Politecnica delle Marche - Ancona,Marche,Ancona,FALSE,AN,Ancona,Marche,Centro,FALSE,TRUE,TRUE,TRUE,"Imagine uma cidade em **formato de ""cotovelo""** projetada sobre o **Mar AdriÃ¡tico**. A UnivPM pulsa em sintonia com a dinÃ¢mica de um dos portos mais importantes da ItÃ¡lia, oferecendo um cenÃ¡rio onde o azul marinho Ã© o pano de fundo constante da vida acadÃªmica. Curiosidade: devido Ã  sua posizione geogrÃ¡fica peculiar, Ancona Ã© a Ãºnica cidade da costa leste italiana onde Ã© possÃ­vel ver tanto o **nascer quanto o pÃ´r do sol sobre o mar**. Um fenÃ´meno raro que emoldura perfeitamente o equilÃ­brio entre o ritmo vibrante da cidade e a natureza do Monte Conero. ğŸŒŠğŸŒ…"
UniversitÃ  degli studi di Messina,Messina,Messina,TRUE,ME,Messina,Sicilia,Sul e Ilhas,TRUE,TRUE,TRUE,TRUE,"O **Estreito de Messina**, onde as Ã¡guas dos mares JÃ´nico e Tirreno se encontram, serve como moldura para uma delle universidades mais antigas da ilha. Com uma **vista privilegiada** para a CalÃ¡bria, a vida acadÃªmica flui entre a brisa marinha e a energia de uma cidade que Ã© a **porta de entrada** para a magia siciliana. Curiosidade: a catedral da cidade abriga o **maior e mais complexo relÃ³gio astronÃ´mico do mundo**. Todos os dias, ao meio-dia, as **estÃ¡tuas mecÃ¢nicas** de bronze se movem em um espetÃ¡culo Ãºnico, contando histÃ³rias e lendas que encantam estudantes e viajantes hÃ¡ sÃ©culos. ğŸ”±ğŸŒŠ"
UniversitÃ  degli studi di Milano,Milano,Milano,TRUE,MI,Milano,Lombardia,Norte,TRUE,TRUE,TRUE,TRUE,"Caminhar pelos **pÃ¡tios renascentistas** da ""Statale"" Ã© sentir o pulso da **cidade mais cosmopolita** da ItÃ¡lia. O campus principal ocupa a **Ca' Granda**, um monumento histÃ³rico que testemunha sÃ©culos de trasformazione urbana exatamente no centro geogrÃ¡fico de MilÃ£o. Curiosidade: o majestoso edifÃ­cio sede jÃ¡ foi um dos **hospitais mais avanÃ§ados da Europa** no sÃ©culo XV. Hoje, seus claustros e jardins oferecem um **refÃºgio de paz e beleza clÃ¡ssica** em meio ao ritmo frenÃ©tico da capital mundial da moda e do design. ğŸ›ï¸âœ¨"
UniversitÃ  degli studi di Verona,Verona,Verona,TRUE,VR,Verona,Veneto,Norte,TRUE,TRUE,TRUE,TRUE,"Unindo a atmosfera de uma **cidade rica em arte** com um dos **polos econÃ´micos mais fortes** da ItÃ¡lia, a UniversitÃ  degli studi di Verona cresce de forma dinÃ¢mica e inovadora. A instituiÃ§Ã£o distribui suas sedes entre o centro histÃ³rico e bairros revitalizados, transformando o cenÃ¡rio urbano em um espaÃ§o de constante troca de conhecimento. Curiosidade: O complexo de **Santa Marta**, uma delle sedes mais bonitas, funcionava antigamente como uma imensa **padaria militar** para o exÃ©rcito austrÃ­aco. O local foi totalmente recuperado e hoje abriga uma biblioteca moderna que preserva a **arquitetura industrial** original. Por isso, os alunos estudam em um ambiente onde o design contemporÃ¢neo convive com as paredes de tijolos e a estrutura histÃ³rica do sÃ©culo XIX. ğŸ›ï¸ğŸ¥¨ğŸ“š"
UniversitÃ  degli studi di Milano-Bicocca,Milano Bicocca,Milano,TRUE,MI,Milano,Lombardia,Norte,TRUE,TRUE,TRUE,TRUE,"A trasformazione de um **antigo distretto industrial** no bairro mais moderno e dinÃ¢mico de MilÃ£o define a essÃªncia desta universidade. O campus Ã© uma verdadeira **""cidade acadÃªmica"" integrada**, onde a arquitetura contemporÃ¢nea de tijolos vermelhos cria um cenÃ¡rio futurista e vibrante. Curiosidade: a Ã¡rea onde hoje vocÃª circula entre prÃ©dios inovadores abrigava as imensas **fÃ¡bricas da Pirelli**. O nome ""Bicocca"" vem de uma luxuosa vila do sÃ©culo XV, a **Bicocca degli Arcimboldi**, que ainda permanece escondida entre as construÃ§Ãµes modernas como um tesouro secreto do passado. ğŸ™ï¸ğŸ§±"
Politecnico di Torino,Torino Politecnico,Torino,TRUE,TO,Torino,Piemonte,Norte,TRUE,FALSE,FALSE,TRUE,"Atuando como um **motor de progresso**, o Politecnico di Torino marca a paisagem do norte da ItÃ¡lia con sua excelÃªncia. A instituiÃ§Ã£o aproveita o legado de uma cidade que Ã© **sÃ­mbolo de desenvolvimento** para oferecer um ambiente de ensino vibrante e conectado com o mundo. Curiosidade: Parte da vida universitÃ¡ria acontece dentro do **Castello del Valentino**, um **palÃ¡cio real** do sÃ©culo XVII protegido pela UNESCO. Ã‰ impressionante ver salas de aula modernas escondidas atrÃ¡s de fachadas barrocas e afrescos histÃ³ricos. Dessa forma, o dia a dia dos alunos ganha um **toque de elegÃ¢ncia** que poucos lugares no mundo conseguem oferecer. ğŸ›ï¸ğŸ°âš™ï¸"
UniversitÃ  Iuav di Venezia,Venezia Iuav,Venezia,TRUE,VE,Venezia,Veneto,Norte,TRUE,FALSE,FALSE,TRUE,"Com sedes espalhadas entre **palÃ¡cios e antigos conventos**, a UniversitÃ  Iuav di Venezia transforma a cidade das Ã¡guas em um **grande espaÃ§o de criaÃ§Ã£o e beleza**. A instituiÃ§Ã£o integra o cotidiano dos alunos ao cenÃ¡rio histÃ³rico de Veneza, incentivando um olhar atento aos detalhes e Ã  inovaÃ§Ã£o em cada esquina. Curiosidade: A entrada da sede principal, conhecida como **Tolentini**, conta com um **portal de pedra monumental** que parece **flutuar sobre um espelho d'Ã¡gua**. Por isso, o simples ato de chegar para a aula se torna um momento de inspiraÃ§Ã£o, onde o passado da cidade e o pensamento moderno se encontram logo na porta. ğŸ›ï¸ğŸ›¶âœ¨"
UniversitÃ  degli studi di Trento,Trento,Trento,FALSE,TN,Trento,Trentino Alto Adige,Norte,TRUE,TRUE,TRUE,TRUE,"No cenÃ¡rio das **montanhas dos Alpes**, a UniversitÃ  degli studi di Trento brilha como um dos centros de ensino mais organizados da ItÃ¡lia. A instituiÃ§Ã£o valoriza muito a **qualidade de vida** e o contato com o meio ambiente, oferecendo espaÃ§os modernos que convivem em harmonia con a paisagem natural ao redor. Curiosidade: As sedes da universidade ficam divididas entre o centro histÃ³rico e o alto delle colinas verdes que cercam a cidade. Existe um **bairro inteiro super moderno**, criado por um arquiteto famoso, que mistura os prÃ©dios universitÃ¡rios Ã  natureza com muito vidro e Ã¡reas abertas. Por isso, os alunos vivem o equilÃ­brio perfeito entre o movimento urbano e o silÃªncio das montanhas. ğŸ›ï¸ğŸ”ï¸ğŸŒ±"
UniversitÃ  degli studi di Roma Tor Vergata,Roma Tor Vergata,Roma,TRUE,RM,Roma,Lazio,Centro,TRUE,TRUE,TRUE,TRUE,"Fundada em 1982, a UniversitÃ  degli studi di Roma Tor Vergata consolidou-se como um dos principais **polos cientÃ­ficos da capital**, destacando-se pelo seu campus de modelo internacional e forte vocaÃ§Ã£o para a pesquisa. A instituiÃ§Ã£o combina **infraestrutura moderna** com um ambiente dinÃ¢mico, focado na inovaÃ§Ã£o tecnolÃ³gica e no desenvolvimento sustentÃ¡vel. Curiosidade: O campus foi o cenÃ¡rio principal do **Giubileu dos Jovens 2025**, recebendo mais de um milhÃ£o de peregrinos para a vigÃ­lia e a missa final com o Papa. AlÃ©m disso, graÃ§as ao impacto do evento, a esplanada de Tor Vergata (comumente chamada de ""Pratone"") serÃ¡ convertida em uma **gigantesca arena musical** com capacidade para atÃ© 250.000 pessoas, tornando-se um marco para grandes espetÃ¡culos em Roma. ğŸ›ï¸ğŸŒ±ğŸ“¡"
UniversitÃ  degli studi Roma Tre,Roma Tre,Roma,TRUE,RM,Roma,Lazio,Centro,TRUE,TRUE,TRUE,TRUE,"Consolidada como um **motor de trasformazione social e urbana**, a UniversitÃ  degli studi Roma Tre destaca-se pela sua forte integrazione com a cidade, tendo desempenhado um papel vital na **revitalizzazione do distretto de Ostiense** ao transformar antigos espaÃ§os industriais em polos modernos de saber. Curiosidade: Grande parte de suas instalaÃ§Ãµes ocupa prÃ©dios industriais revitalizados, como a antiga **fÃ¡brica da Alfa Romeo**, criando um campus urbano Ãºnico onde a **arqueologia industrial** de Roma se funde Ã  inovaÃ§Ã£o acadÃªmica contemporÃ¢nea. ğŸ›ï¸ğŸ—ï¸ğŸš²"
Politecnico di Milano,Milano Politecnico,Milano,TRUE,MI,Milano,Lombardia,Norte,TRUE,FALSE,FALSE,TRUE,"O prestÃ­gio de uma instituiÃ§Ã£o que molda o futuro encontra a alma de uma delle **metrÃ³poles mais influentes do globo**. Com raÃ­zes que remontam a 1863, o PoliMi Ã© o lugar onde o rigor acadÃªmico se funde com a **inovaÃ§Ã£o constante**, ocupando espaÃ§os que exalam excelÃªncia e criatividade no coraÃ§Ã£o da **capital do design**. Curiosidade: foi nos corredores desta universidade que **Giulio Natta**, o Ãºnico italiano a ganhar um **PrÃªmio Nobel de QuÃ­mica**, realizou as pesquisas que mudaram o mundo para sempre. ğŸ“ğŸ‡®ğŸ‡¹"
UniversitÃ  degli studi di Trieste,Trieste,Trieste,TRUE,TS,Trieste,Friuli-Venezia Giulia,Norte,TRUE,TRUE,TRUE,TRUE,"Erguendo-se sobre a **colina de San Luigi**, a UniversitÃ  degli studi di Trieste domina a paisagem com uma **vista deslumbrante para o Mar AdriÃ¡tico**. A instituiÃ§Ã£o funciona como um ponto de referÃªncia cultural no nordeste italiano, unindo uma tradiÃ§Ã£o de cem anos com um forte espÃ­rito de intercÃ¢mbio entre diferentes povos e culturas. Curiosidade: O imponente **edifÃ­cio principal** da universidade, construÃ­do no topo da colina, Ã© visÃ­vel de quase todos os pontos da cidade e parece **vigiar o mar**. Sua arquitetura monumental foi pensada para simbolizar a importÃ¢ncia do saber em uma regiÃ£o de fronteira. ğŸ›ï¸ğŸŒŠğŸ”­"
UniversitÃ  degli studi di Modena e Reggio Emilia,Modena e Reggio Emilia,Modena & Reggio Emilia,TRUE,MO & RE,Modena & Reggio Emilia,Emilia Romagna,Norte,TRUE,TRUE,TRUE,TRUE,"**Duas joias da regiÃ£o della EmÃ­lia-Romanha** unem forÃ§as para dar vida a uma delle instituiÃ§Ãµes mais prestigiadas da Europa, espalhada entre o **charme medieval e o dinamismo contemporÃ¢neo**. Viver a UniMoRe significa percorrer a histÃ³rica **Via EmÃ­lia**, onde a elegÃ¢ncia das praÃ§as de Modena se encontra com o espÃ­rito inovador de Reggio Emilia, tudo imerso na famosa ""**Motor Valley**"" italiana. Curiosidade: a universidade foi fundada em 1175, o que a coloca entre as mais antigas do mundo. AlÃ©m disso, Reggio Emilia guarda um segredo patriÃ³tico: foi lÃ¡ que nasceu a **bandeira ""Tricolore""**, a atual bandeira da ItÃ¡lia, em 1797, enquanto Modena orgulha-se de ter sua Piazza Grande e a **torre Ghirlandina** como PatrimÃ´nios da UNESCO. ğŸï¸ğŸ‡®ğŸ‡¹"
UniversitÃ  degli studi del Molise,Molise,Campobasso,FALSE,CB,Campobasso,Molise,Sul e Ilhas,TRUE,TRUE,TRUE,TRUE,"No **coraÃ§Ã£o selvagem e verde** do sul da ItÃ¡lia, a UniMol oferece uma experiÃªncia acadÃªmica em um territÃ³rio onde o tempo parece passar de forma diferente. Ã‰ o destino ideal para quem busca **autenticidade, ar puro** e uma conexÃ£o genuÃ­na con as tradiÃ§Ãµes dos Apeninos. Curiosidade: a universidade estÃ¡ profundamente ligada Ã  histÃ³ria dos **Samnitas**, o antigo povo guerreiro que desafiou o ImpÃ©rio Romano nestas terras. AlÃ©m disso, a regiÃ£o Ã© famosa pelos ""**Tratturi**"", **caminhos milenares** de pastagem protegidos pela UNESCO que atravessam as colinas, formando uma rede histÃ³rica de comunicazione natural que ainda hoje marca a paisagem local. â›°ï¸ğŸŒ¿"
Scuola internacional superiore di studi avanzati di Trieste,Trieste SISSA,Trieste,TRUE,TS,Trieste,Friuli-Venezia Giulia,Norte,FALSE,FALSE,TRUE,TRUE,"Com uma localizaÃ§Ã£o privilegiada que olha diretamente para o **Golfo de Trieste**, a Scuola Internazionale Superiore di Studi Avanzati (SISSA) funciona como um **centro de referÃªncia mundial**. A instituiÃ§Ã£o foca em formar pesquisadores de alto nÃ­vel, aproveitando a atmosfera tranquila da costa para estimular novas ideias e descobertas. Curiosidade: O campus fica em um antigo complexo histÃ³rico cercado por um **parque enorme** e repleto de natureza. Como recebe pessoas de todos os cantos do planeta, o **idioma oficial** para todas as atividades lÃ¡ dentro Ã© o **inglÃªs**, e nÃ£o o italiano. Por isso, cruzar os corredores da escola Ã© como fazer uma pequena viagem pelo mundo sem sair de frente para o mar AdriÃ¡tico. ğŸ›ï¸ğŸŒŠğŸŒ"
UniversitÃ  degli studi di Napoli Federico II,Napoli Federico II,Napoli,TRUE,NA,Napoli,Campania,Sul e Ilhas,TRUE,TRUE,TRUE,TRUE,"**Primeira universidade pÃºblica do mundo** (1224), a ""Federico II"" Ã© um gigante acadÃªmico com 108 bibliotecas e uma oferta educativa inigualÃ¡vel no **coraÃ§Ã£o de NÃ¡poles**. Aqui, a **histÃ³ria milenar** se mistura com a energia vibrante das ruas, o perfume do cafÃ© e o azul profundo do Golfo. Curiosidade: foi a **primeira instituiÃ§Ã£o laica da Europa**, criada para formar pensadores sem influÃªncia religiosa. Estudar aqui Ã© mergulhar em um centro histÃ³rico da UNESCO, onde cada esquina revela um palÃ¡cio, uma lenda ou a vista monumental do VesÃºvio. ğŸ•ğŸŒ‹"
UniversitÃ  degli Studi della Tuscia,Tuscia,Viterbo,FALSE,VT,Viterbo,Lazio,Centro,TRUE,TRUE,TRUE,TRUE,"Espalhando suas sedes pela histÃ³rica cidade de **Viterbo**, a UniversitÃ  degli Studi della Tuscia utiliza a **beleza medieval** como cenÃ¡rio para o ensino. A instituiÃ§Ã£o se destaca por **recuperar prÃ©dios antigos** e conventos, integrando a rotina acadÃªmica ao coraÃ§Ã£o de uma delle cidades mais charmosas da regiÃ£o do LÃ¡cio. Curiosidade: A sede principal fica no complexo de **Santa Maria in Gradi**, um lugar que jÃ¡ foi **convento e atÃ© prisÃ£o** antes de virar universidade. O espaÃ§o preserva claustros e fontes monumentais que transformam o dia a dia de quem circula por lÃ¡ em uma viagem ao passado. Por isso, estudar no ateneu Ã© vivenciar a histÃ³ria da ""**Cidade dos Papas**"" em cada detalhe da arquitetura. ğŸ›ï¸ğŸ°â›²"
UniversitÃ  degli studi L'Orientale di Napoli,Napoli L'Orientale,Napoli,TRUE,NA,Napoli,Campania,Sul e Ilhas,TRUE,TRUE,FALSE,FALSE,"Como a instituiÃ§Ã£o de **estudos orientais mais antiga** da Europa continental, a UniOR pulsa no centro histÃ³rico de NÃ¡poles, conectando o **MediterrÃ¢neo a culturas distantes**. Curiosidade: suas raÃ­zes remontam ao ""**Collegio dei Cinesi**"", idealizado por **Matteo Ripa** apÃ³s retornar da China em novembro de 1724 com quatro jovens chineses e um mestre de mandarim. O reconhecimento oficial veio em 7 de abril de 1732 pelo Papa Clemente XII, consolidando uma **tradiÃ§Ã£o secular de intercÃ¢mbio cultural** e diÃ¡logo entre mundos. ğŸ®ğŸŒ"
Scuola Superiore Meridionale di Napoli,Napoli Meridionale,Napoli,TRUE,NA,Napoli,Campania,Sul e Ilhas,TRUE,TRUE,TRUE,TRUE,"Imagine um **polo de elite** para o pensamento crÃ­tico, encravado no coraÃ§Ã£o pulsante de NÃ¡poles. A SSM representa o mais alto nÃ­vel della formazione acadÃªmica na ItÃ¡lia, funcionando como um **centro de alta pesquisa** que atrai talentos internacionais para um ambiente de intercÃ¢mbio constante e dinamismo intelectual. Curiosidade: Embora tenha raÃ­zes na tradiÃ§Ã£o da Federico II, ela conquistou sua total autonomia como ""**Scuola Superiore a ordinamento speciale**"" apenas em 2022. ğŸ“ğŸ›ï¸"
UniversitÃ  degli studi di Napoli - Parthenope,Napoli Parthenope,Napoli,TRUE,NA,Napoli,Campania,Sul e Ilhas,TRUE,TRUE,TRUE,TRUE,"Esta universidade personifica a **ligaÃ§Ã£o visceral de NÃ¡poles com o MediterrÃ¢neo**, com sedes que olham diretamente para o porto e para o imponente **Maschio Angioino**. A vida acadÃªmica aqui pulsa entre a brisa marinha e o dinamismo de uma cidade que sempre foi um centro de trocas e navegaÃ§Ã£o. Curiosidade: as suas raÃ­zes remontam a 1920, quando foi fundada como ""Regio Istituto Superiore Navale"". O seu nome atual Ã© uma homenagem Ã  **sereia Partenope**, a figura mitolÃ³gica que, segundo a **lenda**, deu origem Ã  cidade de NÃ¡poles apÃ³s naufragar em suas costas, simbolizando a beleza e o mistÃ©rio da capital campana. ğŸŒŠğŸ§œâ€â™€ï¸"
UniversitÃ  degli studi di Udine,Udine,Udine,FALSE,UD,Udine,Friuli-Venezia Giulia,Norte,TRUE,TRUE,TRUE,TRUE,"No ponto onde as **culturas latina, eslava e germÃ¢nica** se cruzam, a UniversitÃ  degli studi di Udine brilha como um **centro de renovaÃ§Ã£o** para o nordeste italiano. A instituiÃ§Ã£o ocupa espaÃ§os que misturam a elegÃ¢ncia de palÃ¡cios antigos com a modernidade de novos centros de pesquisa, criando um ambiente dinÃ¢mico em uma cidade conhecida por sua alta qualidade de vida e hospitalidade. Curiosidade: A criaÃ§Ã£o da universidade foi um pedido direto do povo apÃ³s o grande **terremoto de 1976**, quando mais de 125 mil pessoas assinaram um documento exigindo a fundaÃ§Ã£o da instituiÃ§Ã£o. Por isso, ela Ã© considerada um **sÃ­mbolo de recomeÃ§o** e uniÃ£o, representando o desejo dos moradores de investir no conhecimento para reconstruir o futuro e a identidade da regiÃ£o. ğŸ›ï¸ğŸ¤ğŸ“ˆ"
UniversitÃ  degli studi della Campania "Luigi Vanvitelli",Napoli Vanvitelli,Caserta,FALSE,CE,Caserta,Campania,Sul e Ilhas,TRUE,TRUE,TRUE,TRUE,"Viver a experiÃªncia nesta universidade significa caminhar entre a **majestade real de Caserta** e a alma vibrante de NÃ¡poles. Com campi espalhados por cidades ricas em histÃ³ria como Aversa e CÃ¡pua, a instituiÃ§Ã£o respira a heranÃ§a cultural de um territÃ³rio que foi o coraÃ§Ã£o do **Reino das Duas SicÃ­lias**. Curiosidade: o nome da universidade Ã© uma homenagem a **Luigi Vanvitelli**, o arquiteto visionÃ¡rio que projetou o **PalÃ¡cio Real de Caserta**, uma delle maiores e mais deslumbranti residÃªncias reais do mundo. ğŸ‘‘ğŸ°"
UniversitÃ  degli studi "Carlo Bo" di Urbino,Urbino,Urbino,FALSE,PU,Pesaro e Urbino,Marche,Centro,TRUE,TRUE,TRUE,TRUE,"No **topo delle colinas das Marcas**, a UniversitÃ  degli studi ""Carlo Bo"" di Urbino respira a arte e a histÃ³ria de uma delle cidades mais charmosas da ItÃ¡lia. A instituiÃ§Ã£o funciona em perfeita harmonia con o centro histÃ³rico, fazendo com que as ruas estreitas e os pÃ¡tios antigos sirvam como estensione das salas de aula. Curiosidade: A universidade Ã© famosa mundialmente pelos seus ""**Collegi**"", conjuntos de moradia estudantil que parecem **vilas futuristas** esculpidas na prÃ³pria colina. Criados pelo arquiteto **Giancarlo De Carlo**, esses espaÃ§os foram feitos para seguir as curvas do terreno e promover a convivenza total entre os alunos. Por isso, o campus Ã© considerado uma **obra de arte della architettura moderna** que consegue respeitar e dialogar con o passado clÃ¡ssico da cidade. ğŸ›ï¸ğŸ“ğŸŒ³"
UniversitÃ  degli studi di Padova,Padova,Padova,TRUE,PD,Padova,Veneto,Norte,TRUE,TRUE,TRUE,TRUE,"Mergulhar na UniPD Ã© tornar-se parte de uma linhagem iniciada em 1222 por estudantes que buscavam indipendenza acadÃªmica. Com seu lema ""**Universa Universis Patavina Libertas**"", a universidade Ã© um sÃ­mbolo vivo de autonomia, espalhando seus departamentos por uma cidade onde a **ciÃªncia e a arte se entrelaÃ§am** sob quilÃ´metros de pÃ³rticos histÃ³ricos. Curiosidade: Padova orgulha-se de ter sido o palco de uma conquista histÃ³rica: em 1678, **Elena Lucrezia Cornaro Piscopia** tornou-se a **primeira mulher no mundo a receber um diploma** universitÃ¡rio. AlÃ©m disso, o seu Jardim BotÃ¢nico, fundado em 1545, Ã© o mais antigo do mundo a permanecer em sua sede original. ğŸ“œğŸ›ï¸"
UniversitÃ  degli studi di Palermo,Palermo,Palermo,TRUE,PA,Palermo,Sicilia,Sul e Ilhas,TRUE,TRUE,TRUE,TRUE,"Respirar o ar da UniPa Ã© sentir o **encontro de culturas** no centro do MediterrÃ¢neo. Os espaÃ§os da universidade ocupam palÃ¡cios repletos de memÃ³ria, onde a **heranÃ§a Ã¡rabe-normanda** se funde com o barroco siciliano em um cenÃ¡rio ensolarado e impetuoso. Curiosidade: O Reitorado da instituiÃ§Ã£o fica no **Palazzo Steri-Chiaramonte**, um edifÃ­cio do sÃ©culo XIV que jÃ¡ foi sede da **InquisiÃ§Ã£o espanhola**. Suas paredes ainda preservam **grafites impressionantes** feitos pelos prisioneiros da Ã©poca, um testemunho cru e fascinante que hoje convive con a rotina dos estudantes e pesquisadores. ğŸŒ¿ğŸ›ï¸"
UniversitÃ  del Salento,Salento,Lecce,FALSE,LE,Lecce,Puglia,Sul e Ilhas,TRUE,TRUE,TRUE,TRUE,"No centro de Lecce, a UniversitÃ  del Salento pulsa como o principal ponto de ensino e cultura do **sul da Puglia**. A instituiÃ§Ã£o conecta a histÃ³ria da regiÃ£o con as exigÃªncias do mundo moderno, transformando a cidade em um ponto de encontro para estudantes de vÃ¡rios lugares. Curiosidade: Sua sede no **Mosteiro dos Olivetani** tem dois pÃ¡tios com 80 colunas e um **poÃ§o barroco** rarÃ­ssimo. Diz a lenda que o monge Placido tentou ganhar tempo de vida prometendo Ã  Morte rezar sÃ³ uma palavra por ano. A Morte, porÃ©m, escreveu a oraÃ§Ã£o nas colunas para que ele a lesse ao caminhar, levando-o assim que ele terminou de ler. ğŸ›ï¸ğŸ’€ğŸ“œ"
UniversitÃ  degli studi di Parma,Parma,Parma,TRUE,PR,Parma,Emilia Romagna,Norte,TRUE,TRUE,TRUE,TRUE,"Erguida em uma cidade sinÃ´nimo de **elegÃ¢ncia e bem-estar**, a UniPR reflete a sofisticaÃ§ao da regiÃ£o della EmÃ­lia-Romanha. Seus edifÃ­cios se espalham por um centro histÃ³rico que respira mÃºsica e arte, proporcionando um ambiente acadÃªmico onde a excelÃªncia secular se encontra con a vanguarda da ""**Food Valley**"" europeia. Curiosidade: A universidade faz parte da identidade de uma cidade eleita pela UNESCO como **Criativa para a Gastronomia**. AlÃ©m disso, o seu Centro de Estudos e Arquivo da ComunicaÃ§Ã£o (CSAC) fica na imponente **Abadia de Valserena**, o local que inspirou o famoso romance de Stendhal, ""**A Cartuxa de Parma**"", e que hoje guarda milhÃµes de obras que narram a evoluÃ§ao do design e da fotografia italiana. ğŸ»ğŸ§€"
UniversitÃ  degli studi di Pavia,Pavia,Pavia,FALSE,PV,Pavia,Lombardia,Norte,TRUE,TRUE,TRUE,TRUE,"Imagine um lugar onde o saber nÃ£o ocupa apenas alguns prÃ©dios, mas molda o DNA de cada rua. Pavia Ã© o exemplo mais puro de uma **cidade-campus** na ItÃ¡lia, onde a rotina dos moradores e os ciclos da universidade se fundem em um cenÃ¡rio de **tranquilidade e intelecto**, Ã s margens do rio Ticino. Curiosidade: Oficializada em 1361, a UniPV Ã© uma delle instituiÃ§Ãµes mais antigas do mundo e foi o palco onde **Alessandro Volta** inventou a **pilha elÃ©trica**. AtÃ© hoje, Ã© possÃ­vel visitar o seu museu histÃ³rico e ver de perto os instrumentos originais usados pelo fÃ­sico. ğŸ•¯ï¸ğŸ›ï¸"
Istituto universitario di studi superiori di Pavia,Pavia IUSS,Pavia,FALSE,PV,Pavia,Lombardia,Norte,TRUE,TRUE,FALSE,TRUE,"A **Scuola Universitaria Superiore** IUSS di Pavia Ã© um centro pÃºblico de excelÃªncia dedicado Ã  alta formazione e pesquisa interdisciplinar em setores estratÃ©gicos, focando em temas de fronteira que superam os limites acadÃªmicos tradicionais. Curiosidade: Desde 2018, a instituiÃ§Ã£o Ã© **federada** con a **Scuola Normale Superiore** di Pisa e a Scuola Superiore Santâ€™Anna, integrando um network nacional de elite que inclui o GSSI, a SISSA e a Scuola IMT Alti Studi Lucca. AlÃ©m disso, em 2022, expandiu sua atuaÃ§Ã£o atravÃ©s de uma parceria estratÃ©gica con a UniversitÃ  degli Studi di Milano, consolidando-se como um **polo de inovaÃ§Ã£o acadÃªmica** Ãºnico na Lombardia. ğŸ§ ğŸš€"
UniversitÃ  degli studi di Perugia,Perugia,Perugia,TRUE,PG,Perugia,Umbria,Centro,TRUE,TRUE,TRUE,TRUE,"A UniversitÃ  degli studi di Perugia pulsa em uma delle **cidades medievais** mais fascinantes da ItÃ¡lia, onde o patrimÃ´nio histÃ³rico da Ãšmbria serve de cenÃ¡rio para uma comunidade acadÃªmica cosmopolita. Fundada em 1308, a instituiÃ§Ã£o equilibra sua heranÃ§a secular con um ambiente dinÃ¢mico, espalhando seus departamentos por um centro histÃ³rico que parece ter parado no tempo, mas que respira juventude. Curiosidade: O brasÃ£o da universidade ostenta o **Grifo**, a criatura mÃ­tica que Ã© o sÃ­mbolo oficial de Perugia. AlÃ©m disso, a cidade Ã© mundialmente famosa pela sua produzione de **chocolate** (o icÃ´nico Baci Perugina) e por sediar o **Umbria Jazz**, um dos festivais mais importantes do gÃªnero, garantindo que a vida universitÃ¡ria seja acompanhada por muita cultura e gastronomia de excelÃªncia. ğŸ›ï¸ğŸ€ğŸ«"
UniversitÃ  degli studi di Salerno,Salerno,Fisciano,FALSE,SA,Salerno,Campania,Sul e Ilhas,TRUE,TRUE,TRUE,TRUE,"Com um **campus que segue o modelo americano**, a UniversitÃ  degli studi di Salerno une modernidade e tradiÃ§Ã£o no coraÃ§Ã£o da CampÃ¢nia. A instituiÃ§Ã£o prioriza o bem-estar dos alunos, oferecendo **amplas Ã¡reas verdes** e uma struttura completa que facilita a convivenza fora do caos urbano. Curiosidade: O campus principal Ã© **quase totalmente pedonal**: ele foi projetado para que os estudantes possam circular entre bibliotecas, teatros e faculdades sem se preocupar con carros, criando uma atmosfera de tranquilidade e foco nos estudos. ğŸ›ï¸ğŸŒ¿ğŸš¶â€â™‚ï¸"
UniversitÃ  per stranieri di Perugia,Perugia Stranieri,Perugia,TRUE,PG,Perugia,Umbria,Centro,TRUE,TRUE,FALSE,FALSE,"Como o maior sÃ­mbolo da diffusaÌƒo cultural da ItÃ¡lia, a UniversitÃ  per Stranieri di Perugia Ã© a mais antiga e prestigiosa instituiÃ§Ã£o italiana dedicada ao **ensino e diffusaÌƒo da lÃ­ngua e cultura da ItÃ¡lia** para o mundo. Sediada no majestoso **Palazzo Gallenga Stuart**, a universidade atua como um centro global de intercÃ¢mbio e alta formazione linguÃ­stica. Curiosidade: Fundada em 1925 para projetar a cultura italiana internacionalmente, a instituiÃ§Ã£o Ã© hoje autoridade mÃ¡xima na **certificazione da lÃ­ngua italiana (CELI)**, atraindo estudantes de todos os continentes para o coraÃ§Ã£o da Ãšmbria. ğŸ‡®ğŸ‡¹ğŸŒ"
UniversitÃ  degli studi del Piemonte orientale "Amedeo Avogadro",Piemonte Orientale,Vercelli,FALSE,VC,Vercelli,Piemonte,Norte,TRUE,TRUE,TRUE,TRUE,"A UniversitÃ  degli studi del Piemonte orientale ""Amedeo Avogadro"" Ã© um **polo acadÃªmico de excelÃªncia** distribuÃ­do estrategicamente entre as cidades de Alessandria, Novara e Vercelli. Fundada em 1998, a instituiÃ§Ã£o destaca-se pela sua forte vocazione para a pesquisa e pela integrazione con o tecido produtivo do Piemonte, oferecendo um ambiente de estudo moderno e acessÃ­vel. Curiosidade: O nome da universidade homenageia o ilustre cientista **Amedeo Avogadro**, autor della famosa **lei dos gases** e da constante quÃ­mica fundamental. ğŸ§ªğŸ§¬ğŸ”ï¸"
UniversitÃ  di Pisa,Pisa,Pisa,FALSE,PI,Pisa,Toscana,Centro,TRUE,TRUE,TRUE,TRUE,"Representando um marco histÃ³rico no ensino superior europeu, a UniversitÃ  di Pisa reafirma a Toscana como um **polo central de prestÃ­gio acadÃªmico**. Com raÃ­zes oficiais que remontam a 1343, o ateneu molda a paisagem urbana da cidade, onde a pesquisa de vanguarda convive con monumentos icÃ´nicos e uma histÃ³ria intelectual profunda. Curiosidade: Foi nesta universidade que o gÃªnio **Galileo Galilei** iniciou sua trajetÃ³ria revolucionÃ¡ria, ingressando primeiro como estudante de medicina antes de se apaixonar pela matemÃ¡tica. Anos mais tarde, ele retornou Ã  instituiÃ§Ã£o como professor, desenvolvendo ali os estudos fundamentais sobre o **movimento e a mecÃ¢nica** que desafiariam as crenÃ§as da Ã©poca e lanÃ§ariam as bases para a ciÃªncia moderna. ğŸ“ğŸ‡®ğŸ‡¹âš–ï¸"
Scuola normale superiore di Pisa,Pisa Normale,Pisa,FALSE,PI,Pisa,Toscana,Centro,TRUE,TRUE,TRUE,TRUE,"Reconhecida como um dos **pilares della eccellenza** acadÃªmica italiana, a **Scuola Normale Superiore** di Pisa promove uma fusÃ£o total entre ensino e pesquisa avanÃ§ada. Localizada em Pisa, seleciona os **talentos mais brilhantes** via concursos rigorosos, garantindo **formazione gratuita e residenza** em um ambiente de alto nÃ­vel. Curiosidade: Fundada por **NapoleÃ£o** em 1810, formou os prÃªmios Nobel **GiosuÃ¨ Carducci, Enrico Fermi e Carlo Rubbia**, sendo um dos maiores centros de eccellenza europeus. ğŸ¦…ğŸ“šğŸ‡®ğŸ‡¹"